step,train_loss,val_loss,lr,grad_norm,dt_ms,tok_per_sec,gflops,bandwidth_gbs
0,11.611039,11.495701,1.000000e-04,0.0000,15174.46,1079.71,135.3406,0.0110
1,11.429897,,1.000000e-04,0.0000,10275.00,1594.55,199.8754,0.0163
